"0","#| label: R packages"
"0","#| echo: false"
"0","#| warning: false"
"0","#| message: false"
"0",""
"0","library(readr)"
"0","library(ggplot2)"
"0","library(lattice)"
"0","library(class)"
"0","library(fastDummies)"
"0","library(caret)"
"0","library(xgboost)"
"0","library(corrplot)"
"0","library(knitr)"
"0","library(randomForest)"
"0","library(tidyverse)"
"0",""
"0",""
"0","# additional packages here"
"0","source(""pre-processing_utils.R"")"
"0","source(""analysis_utils.R"")"
"0","source(""plotting_utils.R"")"
